timestamp,machine,block,position,cell_id,artefact,branch,harness_commit,features,target,case,command,exit_code,output_dir
"2026-07-31T23:04:24.6933230+01:00","MAC-LDN","1","1","P01","v2","working-v2.x","70e0812272989205e5c753e3f91f3985de1fa3c4","hqc256 mlkem1024","kem","HQC256_generate","cargo bench -p libsignal-protocol --features hqc256 mlkem1024 --bench kem -- ^HQC256_generate$","0","evidence/criterion/MAC-LDN_block1_pos01_P01_kem"
"2026-07-31T23:04:33.8672940+01:00","MAC-LDN","1","2","P02","v2","working-v2.x","70e0812272989205e5c753e3f91f3985de1fa3c4","hqc256 mlkem1024","kem","HQC256_encapsulate","cargo bench -p libsignal-protocol --features hqc256 mlkem1024 --bench kem -- ^HQC256_encapsulate$","0","evidence/criterion/MAC-LDN_block1_pos02_P02_kem"
"2026-07-31T23:04:52.1169250+01:00","MAC-LDN","1","3","P03","v2","working-v2.x","70e0812272989205e5c753e3f91f3985de1fa3c4","hqc256 mlkem1024","kem","HQC256_decapsulate","cargo bench -p libsignal-protocol --features hqc256 mlkem1024 --bench kem -- ^HQC256_decapsulate$","0","evidence/criterion/MAC-LDN_block1_pos03_P03_kem"
"2026-07-31T23:05:03.5192060+01:00","MAC-LDN","1","4","P04","v2","working-v2.x","70e0812272989205e5c753e3f91f3985de1fa3c4","hqc256 mlkem1024","kem","MLKEM1024_generate","cargo bench -p libsignal-protocol --features hqc256 mlkem1024 --bench kem -- ^MLKEM1024_generate$","0","evidence/criterion/MAC-LDN_block1_pos04_P04_kem"
"2026-07-31T23:05:13.2254150+01:00","MAC-LDN","1","5","P05","v2","working-v2.x","70e0812272989205e5c753e3f91f3985de1fa3c4","hqc256 mlkem1024","kem","MLKEM1024_encapsulate","cargo bench -p libsignal-protocol --features hqc256 mlkem1024 --bench kem -- ^MLKEM1024_encapsulate$","0","evidence/criterion/MAC-LDN_block1_pos05_P05_kem"
"2026-07-31T23:05:24.8645550+01:00","MAC-LDN","1","6","P06","v2","working-v2.x","70e0812272989205e5c753e3f91f3985de1fa3c4","hqc256 mlkem1024","kem","MLKEM1024_decapsulate","cargo bench -p libsignal-protocol --features hqc256 mlkem1024 --bench kem -- ^MLKEM1024_decapsulate$","0","evidence/criterion/MAC-LDN_block1_pos06_P06_kem"
"2026-07-31T23:05:36.1541680+01:00","MAC-LDN","1","7","P07","v2","working-v2.x","70e0812272989205e5c753e3f91f3985de1fa3c4","hqc256 mlkem1024","kem","Kyber1024_generate","cargo bench -p libsignal-protocol --features hqc256 mlkem1024 --bench kem -- ^Kyber1024_generate$","0","evidence/criterion/MAC-LDN_block1_pos07_P07_kem"
"2026-07-31T23:05:46.0502270+01:00","MAC-LDN","1","8","P08","v2","working-v2.x","70e0812272989205e5c753e3f91f3985de1fa3c4","hqc256 mlkem1024","kem","Kyber1024_encapsulate","cargo bench -p libsignal-protocol --features hqc256 mlkem1024 --bench kem -- ^Kyber1024_encapsulate$","0","evidence/criterion/MAC-LDN_block1_pos08_P08_kem"
"2026-07-31T23:05:55.3980280+01:00","MAC-LDN","1","9","P09","v2","working-v2.x","70e0812272989205e5c753e3f91f3985de1fa3c4","hqc256 mlkem1024","kem","Kyber1024_decapsulate","cargo bench -p libsignal-protocol --features hqc256 mlkem1024 --bench kem -- ^Kyber1024_decapsulate$","0","evidence/criterion/MAC-LDN_block1_pos09_P09_kem"
"2026-07-31T23:06:04.7980930+01:00","MAC-LDN","1","10","P10","v2","working-v2.x","70e0812272989205e5c753e3f91f3985de1fa3c4","","mldsa","MLDSA87_generate","cargo bench -p libsignal-protocol --bench mldsa -- ^MLDSA87_generate$","0","evidence/criterion/MAC-LDN_block1_pos10_P10_mldsa"
"2026-07-31T23:06:15.7802390+01:00","MAC-LDN","1","11","P11","v2","working-v2.x","70e0812272989205e5c753e3f91f3985de1fa3c4","","mldsa","MLDSA87_sign","cargo bench -p libsignal-protocol --bench mldsa -- ^MLDSA87_sign$","0","evidence/criterion/MAC-LDN_block1_pos11_P11_mldsa"
"2026-07-31T23:06:27.3959320+01:00","MAC-LDN","1","12","P12","v2","working-v2.x","70e0812272989205e5c753e3f91f3985de1fa3c4","","mldsa","MLDSA87_verify","cargo bench -p libsignal-protocol --bench mldsa -- ^MLDSA87_verify$","0","evidence/criterion/MAC-LDN_block1_pos12_P12_mldsa"
"2026-07-31T23:06:37.2322560+01:00","MAC-LDN","1","17","H2a","v2","working-v2.x","70e0812272989205e5c753e3f91f3985de1fa3c4","","session","initiate session and encrypt first message","cargo bench -p libsignal-protocol --bench session -- ^initiate\ session\ and\ encrypt\ first\ message$","0","evidence/criterion/MAC-LDN_block1_pos17_H2a_session"
"2026-07-31T23:06:46.6746260+01:00","MAC-LDN","1","18","H2b","v2","working-v2.x","70e0812272989205e5c753e3f91f3985de1fa3c4","","session","initiate session and encrypt first message, last-resort only","cargo bench -p libsignal-protocol --bench session -- ^initiate\ session\ and\ encrypt\ first\ message,\ last-resort\ only$","0","evidence/criterion/MAC-LDN_block1_pos18_H2b_session"
"2026-07-31T23:06:58.5059590+01:00","MAC-LDN","1","19","H2c","v2","working-v2.x","70e0812272989205e5c753e3f91f3985de1fa3c4","","session","session decrypt first message, full mode","cargo bench -p libsignal-protocol --bench session -- ^session\ decrypt\ first\ message,\ full\ mode$","0","evidence/criterion/MAC-LDN_block1_pos19_H2c_session"
"2026-07-31T23:07:09.3249770+01:00","MAC-LDN","1","20","H2d","v2","working-v2.x","70e0812272989205e5c753e3f91f3985de1fa3c4","","session","session decrypt first message, last-resort only","cargo bench -p libsignal-protocol --bench session -- ^session\ decrypt\ first\ message,\ last-resort\ only$","0","evidence/criterion/MAC-LDN_block1_pos20_H2d_session"
"2026-07-31T23:07:21.0612720+01:00","MAC-LDN","1","29","I2","v2","working-v2.x","70e0812272989205e5c753e3f91f3985de1fa3c4","","session","session establishment and first exchange","cargo bench -p libsignal-protocol --bench session -- ^session\ establishment\ and\ first\ exchange$","0","evidence/criterion/MAC-LDN_block1_pos29_I2_session"
"2026-07-31T23:09:56.8053370+01:00","MAC-LDN","2","1","P06","v2","working-v2.x","70e0812272989205e5c753e3f91f3985de1fa3c4","hqc256 mlkem1024","kem","MLKEM1024_decapsulate","cargo bench -p libsignal-protocol --features hqc256 mlkem1024 --bench kem -- ^MLKEM1024_decapsulate$","0","evidence/criterion/MAC-LDN_block2_pos01_P06_kem"
"2026-07-31T23:10:08.2213100+01:00","MAC-LDN","2","2","P07","v2","working-v2.x","70e0812272989205e5c753e3f91f3985de1fa3c4","hqc256 mlkem1024","kem","Kyber1024_generate","cargo bench -p libsignal-protocol --features hqc256 mlkem1024 --bench kem -- ^Kyber1024_generate$","0","evidence/criterion/MAC-LDN_block2_pos02_P07_kem"
"2026-07-31T23:10:18.1196680+01:00","MAC-LDN","2","3","P08","v2","working-v2.x","70e0812272989205e5c753e3f91f3985de1fa3c4","hqc256 mlkem1024","kem","Kyber1024_encapsulate","cargo bench -p libsignal-protocol --features hqc256 mlkem1024 --bench kem -- ^Kyber1024_encapsulate$","0","evidence/criterion/MAC-LDN_block2_pos03_P08_kem"
"2026-07-31T23:10:27.2153020+01:00","MAC-LDN","2","4","P09","v2","working-v2.x","70e0812272989205e5c753e3f91f3985de1fa3c4","hqc256 mlkem1024","kem","Kyber1024_decapsulate","cargo bench -p libsignal-protocol --features hqc256 mlkem1024 --bench kem -- ^Kyber1024_decapsulate$","0","evidence/criterion/MAC-LDN_block2_pos04_P09_kem"
"2026-07-31T23:10:36.6472930+01:00","MAC-LDN","2","5","P10","v2","working-v2.x","70e0812272989205e5c753e3f91f3985de1fa3c4","","mldsa","MLDSA87_generate","cargo bench -p libsignal-protocol --bench mldsa -- ^MLDSA87_generate$","0","evidence/criterion/MAC-LDN_block2_pos05_P10_mldsa"
"2026-07-31T23:10:47.6724880+01:00","MAC-LDN","2","6","P11","v2","working-v2.x","70e0812272989205e5c753e3f91f3985de1fa3c4","","mldsa","MLDSA87_sign","cargo bench -p libsignal-protocol --bench mldsa -- ^MLDSA87_sign$","0","evidence/criterion/MAC-LDN_block2_pos06_P11_mldsa"
"2026-07-31T23:10:59.2711530+01:00","MAC-LDN","2","7","P12","v2","working-v2.x","70e0812272989205e5c753e3f91f3985de1fa3c4","","mldsa","MLDSA87_verify","cargo bench -p libsignal-protocol --bench mldsa -- ^MLDSA87_verify$","0","evidence/criterion/MAC-LDN_block2_pos07_P12_mldsa"
"2026-07-31T23:11:08.9230620+01:00","MAC-LDN","2","12","H2a","v2","working-v2.x","70e0812272989205e5c753e3f91f3985de1fa3c4","","session","initiate session and encrypt first message","cargo bench -p libsignal-protocol --bench session -- ^initiate\ session\ and\ encrypt\ first\ message$","0","evidence/criterion/MAC-LDN_block2_pos12_H2a_session"
"2026-07-31T23:11:18.2317160+01:00","MAC-LDN","2","13","H2b","v2","working-v2.x","70e0812272989205e5c753e3f91f3985de1fa3c4","","session","initiate session and encrypt first message, last-resort only","cargo bench -p libsignal-protocol --bench session -- ^initiate\ session\ and\ encrypt\ first\ message,\ last-resort\ only$","0","evidence/criterion/MAC-LDN_block2_pos13_H2b_session"
"2026-07-31T23:11:29.9588820+01:00","MAC-LDN","2","14","H2c","v2","working-v2.x","70e0812272989205e5c753e3f91f3985de1fa3c4","","session","session decrypt first message, full mode","cargo bench -p libsignal-protocol --bench session -- ^session\ decrypt\ first\ message,\ full\ mode$","0","evidence/criterion/MAC-LDN_block2_pos14_H2c_session"
"2026-07-31T23:11:40.8716430+01:00","MAC-LDN","2","15","H2d","v2","working-v2.x","70e0812272989205e5c753e3f91f3985de1fa3c4","","session","session decrypt first message, last-resort only","cargo bench -p libsignal-protocol --bench session -- ^session\ decrypt\ first\ message,\ last-resort\ only$","0","evidence/criterion/MAC-LDN_block2_pos15_H2d_session"
"2026-07-31T23:11:52.6190550+01:00","MAC-LDN","2","24","I2","v2","working-v2.x","70e0812272989205e5c753e3f91f3985de1fa3c4","","session","session establishment and first exchange","cargo bench -p libsignal-protocol --bench session -- ^session\ establishment\ and\ first\ exchange$","0","evidence/criterion/MAC-LDN_block2_pos24_I2_session"
"2026-07-31T23:12:01.7178160+01:00","MAC-LDN","2","26","P01","v2","working-v2.x","70e0812272989205e5c753e3f91f3985de1fa3c4","hqc256 mlkem1024","kem","HQC256_generate","cargo bench -p libsignal-protocol --features hqc256 mlkem1024 --bench kem -- ^HQC256_generate$","0","evidence/criterion/MAC-LDN_block2_pos26_P01_kem"
"2026-07-31T23:12:10.7489300+01:00","MAC-LDN","2","27","P02","v2","working-v2.x","70e0812272989205e5c753e3f91f3985de1fa3c4","hqc256 mlkem1024","kem","HQC256_encapsulate","cargo bench -p libsignal-protocol --features hqc256 mlkem1024 --bench kem -- ^HQC256_encapsulate$","0","evidence/criterion/MAC-LDN_block2_pos27_P02_kem"
"2026-07-31T23:12:29.3017970+01:00","MAC-LDN","2","28","P03","v2","working-v2.x","70e0812272989205e5c753e3f91f3985de1fa3c4","hqc256 mlkem1024","kem","HQC256_decapsulate","cargo bench -p libsignal-protocol --features hqc256 mlkem1024 --bench kem -- ^HQC256_decapsulate$","0","evidence/criterion/MAC-LDN_block2_pos28_P03_kem"
"2026-07-31T23:12:40.7272020+01:00","MAC-LDN","2","29","P04","v2","working-v2.x","70e0812272989205e5c753e3f91f3985de1fa3c4","hqc256 mlkem1024","kem","MLKEM1024_generate","cargo bench -p libsignal-protocol --features hqc256 mlkem1024 --bench kem -- ^MLKEM1024_generate$","0","evidence/criterion/MAC-LDN_block2_pos29_P04_kem"
"2026-07-31T23:12:50.5539340+01:00","MAC-LDN","2","30","P05","v2","working-v2.x","70e0812272989205e5c753e3f91f3985de1fa3c4","hqc256 mlkem1024","kem","MLKEM1024_encapsulate","cargo bench -p libsignal-protocol --features hqc256 mlkem1024 --bench kem -- ^MLKEM1024_encapsulate$","0","evidence/criterion/MAC-LDN_block2_pos30_P05_kem"
"2026-07-31T23:15:28.4052860+01:00","MAC-LDN","3","1","P11","v2","working-v2.x","70e0812272989205e5c753e3f91f3985de1fa3c4","","mldsa","MLDSA87_sign","cargo bench -p libsignal-protocol --bench mldsa -- ^MLDSA87_sign$","0","evidence/criterion/MAC-LDN_block3_pos01_P11_mldsa"
"2026-07-31T23:15:40.0462190+01:00","MAC-LDN","3","2","P12","v2","working-v2.x","70e0812272989205e5c753e3f91f3985de1fa3c4","","mldsa","MLDSA87_verify","cargo bench -p libsignal-protocol --bench mldsa -- ^MLDSA87_verify$","0","evidence/criterion/MAC-LDN_block3_pos02_P12_mldsa"
"2026-07-31T23:15:49.7141100+01:00","MAC-LDN","3","7","H2a","v2","working-v2.x","70e0812272989205e5c753e3f91f3985de1fa3c4","","session","initiate session and encrypt first message","cargo bench -p libsignal-protocol --bench session -- ^initiate\ session\ and\ encrypt\ first\ message$","0","evidence/criterion/MAC-LDN_block3_pos07_H2a_session"
"2026-07-31T23:15:59.0405040+01:00","MAC-LDN","3","8","H2b","v2","working-v2.x","70e0812272989205e5c753e3f91f3985de1fa3c4","","session","initiate session and encrypt first message, last-resort only","cargo bench -p libsignal-protocol --bench session -- ^initiate\ session\ and\ encrypt\ first\ message,\ last-resort\ only$","0","evidence/criterion/MAC-LDN_block3_pos08_H2b_session"
"2026-07-31T23:16:10.7796930+01:00","MAC-LDN","3","9","H2c","v2","working-v2.x","70e0812272989205e5c753e3f91f3985de1fa3c4","","session","session decrypt first message, full mode","cargo bench -p libsignal-protocol --bench session -- ^session\ decrypt\ first\ message,\ full\ mode$","0","evidence/criterion/MAC-LDN_block3_pos09_H2c_session"
"2026-07-31T23:16:21.6236070+01:00","MAC-LDN","3","10","H2d","v2","working-v2.x","70e0812272989205e5c753e3f91f3985de1fa3c4","","session","session decrypt first message, last-resort only","cargo bench -p libsignal-protocol --bench session -- ^session\ decrypt\ first\ message,\ last-resort\ only$","0","evidence/criterion/MAC-LDN_block3_pos10_H2d_session"
"2026-07-31T23:16:33.4031090+01:00","MAC-LDN","3","19","I2","v2","working-v2.x","70e0812272989205e5c753e3f91f3985de1fa3c4","","session","session establishment and first exchange","cargo bench -p libsignal-protocol --bench session -- ^session\ establishment\ and\ first\ exchange$","0","evidence/criterion/MAC-LDN_block3_pos19_I2_session"
"2026-07-31T23:16:42.4718400+01:00","MAC-LDN","3","21","P01","v2","working-v2.x","70e0812272989205e5c753e3f91f3985de1fa3c4","hqc256 mlkem1024","kem","HQC256_generate","cargo bench -p libsignal-protocol --features hqc256 mlkem1024 --bench kem -- ^HQC256_generate$","0","evidence/criterion/MAC-LDN_block3_pos21_P01_kem"
"2026-07-31T23:16:51.5196780+01:00","MAC-LDN","3","22","P02","v2","working-v2.x","70e0812272989205e5c753e3f91f3985de1fa3c4","hqc256 mlkem1024","kem","HQC256_encapsulate","cargo bench -p libsignal-protocol --features hqc256 mlkem1024 --bench kem -- ^HQC256_encapsulate$","0","evidence/criterion/MAC-LDN_block3_pos22_P02_kem"
"2026-07-31T23:17:10.0891850+01:00","MAC-LDN","3","23","P03","v2","working-v2.x","70e0812272989205e5c753e3f91f3985de1fa3c4","hqc256 mlkem1024","kem","HQC256_decapsulate","cargo bench -p libsignal-protocol --features hqc256 mlkem1024 --bench kem -- ^HQC256_decapsulate$","0","evidence/criterion/MAC-LDN_block3_pos23_P03_kem"
"2026-07-31T23:17:21.5474000+01:00","MAC-LDN","3","24","P04","v2","working-v2.x","70e0812272989205e5c753e3f91f3985de1fa3c4","hqc256 mlkem1024","kem","MLKEM1024_generate","cargo bench -p libsignal-protocol --features hqc256 mlkem1024 --bench kem -- ^MLKEM1024_generate$","0","evidence/criterion/MAC-LDN_block3_pos24_P04_kem"
"2026-07-31T23:17:31.4025990+01:00","MAC-LDN","3","25","P05","v2","working-v2.x","70e0812272989205e5c753e3f91f3985de1fa3c4","hqc256 mlkem1024","kem","MLKEM1024_encapsulate","cargo bench -p libsignal-protocol --features hqc256 mlkem1024 --bench kem -- ^MLKEM1024_encapsulate$","0","evidence/criterion/MAC-LDN_block3_pos25_P05_kem"
"2026-07-31T23:17:40.1972210+01:00","MAC-LDN","3","26","P06","v2","working-v2.x","70e0812272989205e5c753e3f91f3985de1fa3c4","hqc256 mlkem1024","kem","MLKEM1024_decapsulate","cargo bench -p libsignal-protocol --features hqc256 mlkem1024 --bench kem -- ^MLKEM1024_decapsulate$","0","evidence/criterion/MAC-LDN_block3_pos26_P06_kem"
"2026-07-31T23:17:51.6416330+01:00","MAC-LDN","3","27","P07","v2","working-v2.x","70e0812272989205e5c753e3f91f3985de1fa3c4","hqc256 mlkem1024","kem","Kyber1024_generate","cargo bench -p libsignal-protocol --features hqc256 mlkem1024 --bench kem -- ^Kyber1024_generate$","0","evidence/criterion/MAC-LDN_block3_pos27_P07_kem"
"2026-07-31T23:18:01.5947510+01:00","MAC-LDN","3","28","P08","v2","working-v2.x","70e0812272989205e5c753e3f91f3985de1fa3c4","hqc256 mlkem1024","kem","Kyber1024_encapsulate","cargo bench -p libsignal-protocol --features hqc256 mlkem1024 --bench kem -- ^Kyber1024_encapsulate$","0","evidence/criterion/MAC-LDN_block3_pos28_P08_kem"
"2026-07-31T23:18:10.8721780+01:00","MAC-LDN","3","29","P09","v2","working-v2.x","70e0812272989205e5c753e3f91f3985de1fa3c4","hqc256 mlkem1024","kem","Kyber1024_decapsulate","cargo bench -p libsignal-protocol --features hqc256 mlkem1024 --bench kem -- ^Kyber1024_decapsulate$","0","evidence/criterion/MAC-LDN_block3_pos29_P09_kem"
"2026-07-31T23:18:20.2940230+01:00","MAC-LDN","3","30","P10","v2","working-v2.x","70e0812272989205e5c753e3f91f3985de1fa3c4","","mldsa","MLDSA87_generate","cargo bench -p libsignal-protocol --bench mldsa -- ^MLDSA87_generate$","0","evidence/criterion/MAC-LDN_block3_pos30_P10_mldsa"
"2026-07-31T23:20:57.3700240+01:00","MAC-LDN","4","2","H2a","v2","working-v2.x","70e0812272989205e5c753e3f91f3985de1fa3c4","","session","initiate session and encrypt first message","cargo bench -p libsignal-protocol --bench session -- ^initiate\ session\ and\ encrypt\ first\ message$","0","evidence/criterion/MAC-LDN_block4_pos02_H2a_session"
"2026-07-31T23:21:06.7079430+01:00","MAC-LDN","4","3","H2b","v2","working-v2.x","70e0812272989205e5c753e3f91f3985de1fa3c4","","session","initiate session and encrypt first message, last-resort only","cargo bench -p libsignal-protocol --bench session -- ^initiate\ session\ and\ encrypt\ first\ message,\ last-resort\ only$","0","evidence/criterion/MAC-LDN_block4_pos03_H2b_session"
"2026-07-31T23:21:18.4673110+01:00","MAC-LDN","4","4","H2c","v2","working-v2.x","70e0812272989205e5c753e3f91f3985de1fa3c4","","session","session decrypt first message, full mode","cargo bench -p libsignal-protocol --bench session -- ^session\ decrypt\ first\ message,\ full\ mode$","0","evidence/criterion/MAC-LDN_block4_pos04_H2c_session"
"2026-07-31T23:21:29.3448600+01:00","MAC-LDN","4","5","H2d","v2","working-v2.x","70e0812272989205e5c753e3f91f3985de1fa3c4","","session","session decrypt first message, last-resort only","cargo bench -p libsignal-protocol --bench session -- ^session\ decrypt\ first\ message,\ last-resort\ only$","0","evidence/criterion/MAC-LDN_block4_pos05_H2d_session"
"2026-07-31T23:21:41.1279970+01:00","MAC-LDN","4","14","I2","v2","working-v2.x","70e0812272989205e5c753e3f91f3985de1fa3c4","","session","session establishment and first exchange","cargo bench -p libsignal-protocol --bench session -- ^session\ establishment\ and\ first\ exchange$","0","evidence/criterion/MAC-LDN_block4_pos14_I2_session"
"2026-07-31T23:21:50.2118710+01:00","MAC-LDN","4","16","P01","v2","working-v2.x","70e0812272989205e5c753e3f91f3985de1fa3c4","hqc256 mlkem1024","kem","HQC256_generate","cargo bench -p libsignal-protocol --features hqc256 mlkem1024 --bench kem -- ^HQC256_generate$","0","evidence/criterion/MAC-LDN_block4_pos16_P01_kem"
"2026-07-31T23:21:59.2410750+01:00","MAC-LDN","4","17","P02","v2","working-v2.x","70e0812272989205e5c753e3f91f3985de1fa3c4","hqc256 mlkem1024","kem","HQC256_encapsulate","cargo bench -p libsignal-protocol --features hqc256 mlkem1024 --bench kem -- ^HQC256_encapsulate$","0","evidence/criterion/MAC-LDN_block4_pos17_P02_kem"
"2026-07-31T23:22:17.7864150+01:00","MAC-LDN","4","18","P03","v2","working-v2.x","70e0812272989205e5c753e3f91f3985de1fa3c4","hqc256 mlkem1024","kem","HQC256_decapsulate","cargo bench -p libsignal-protocol --features hqc256 mlkem1024 --bench kem -- ^HQC256_decapsulate$","0","evidence/criterion/MAC-LDN_block4_pos18_P03_kem"
"2026-07-31T23:22:29.3559400+01:00","MAC-LDN","4","19","P04","v2","working-v2.x","70e0812272989205e5c753e3f91f3985de1fa3c4","hqc256 mlkem1024","kem","MLKEM1024_generate","cargo bench -p libsignal-protocol --features hqc256 mlkem1024 --bench kem -- ^MLKEM1024_generate$","0","evidence/criterion/MAC-LDN_block4_pos19_P04_kem"
"2026-07-31T23:22:39.1057280+01:00","MAC-LDN","4","20","P05","v2","working-v2.x","70e0812272989205e5c753e3f91f3985de1fa3c4","hqc256 mlkem1024","kem","MLKEM1024_encapsulate","cargo bench -p libsignal-protocol --features hqc256 mlkem1024 --bench kem -- ^MLKEM1024_encapsulate$","0","evidence/criterion/MAC-LDN_block4_pos20_P05_kem"
"2026-07-31T23:22:47.8783360+01:00","MAC-LDN","4","21","P06","v2","working-v2.x","70e0812272989205e5c753e3f91f3985de1fa3c4","hqc256 mlkem1024","kem","MLKEM1024_decapsulate","cargo bench -p libsignal-protocol --features hqc256 mlkem1024 --bench kem -- ^MLKEM1024_decapsulate$","0","evidence/criterion/MAC-LDN_block4_pos21_P06_kem"
"2026-07-31T23:22:59.3199690+01:00","MAC-LDN","4","22","P07","v2","working-v2.x","70e0812272989205e5c753e3f91f3985de1fa3c4","hqc256 mlkem1024","kem","Kyber1024_generate","cargo bench -p libsignal-protocol --features hqc256 mlkem1024 --bench kem -- ^Kyber1024_generate$","0","evidence/criterion/MAC-LDN_block4_pos22_P07_kem"
"2026-07-31T23:23:09.2383320+01:00","MAC-LDN","4","23","P08","v2","working-v2.x","70e0812272989205e5c753e3f91f3985de1fa3c4","hqc256 mlkem1024","kem","Kyber1024_encapsulate","cargo bench -p libsignal-protocol --features hqc256 mlkem1024 --bench kem -- ^Kyber1024_encapsulate$","0","evidence/criterion/MAC-LDN_block4_pos23_P08_kem"
"2026-07-31T23:23:18.3471100+01:00","MAC-LDN","4","24","P09","v2","working-v2.x","70e0812272989205e5c753e3f91f3985de1fa3c4","hqc256 mlkem1024","kem","Kyber1024_decapsulate","cargo bench -p libsignal-protocol --features hqc256 mlkem1024 --bench kem -- ^Kyber1024_decapsulate$","0","evidence/criterion/MAC-LDN_block4_pos24_P09_kem"
"2026-07-31T23:23:27.7857560+01:00","MAC-LDN","4","25","P10","v2","working-v2.x","70e0812272989205e5c753e3f91f3985de1fa3c4","","mldsa","MLDSA87_generate","cargo bench -p libsignal-protocol --bench mldsa -- ^MLDSA87_generate$","0","evidence/criterion/MAC-LDN_block4_pos25_P10_mldsa"
"2026-07-31T23:23:38.8076860+01:00","MAC-LDN","4","26","P11","v2","working-v2.x","70e0812272989205e5c753e3f91f3985de1fa3c4","","mldsa","MLDSA87_sign","cargo bench -p libsignal-protocol --bench mldsa -- ^MLDSA87_sign$","0","evidence/criterion/MAC-LDN_block4_pos26_P11_mldsa"
"2026-07-31T23:23:50.4642890+01:00","MAC-LDN","4","27","P12","v2","working-v2.x","70e0812272989205e5c753e3f91f3985de1fa3c4","","mldsa","MLDSA87_verify","cargo bench -p libsignal-protocol --bench mldsa -- ^MLDSA87_verify$","0","evidence/criterion/MAC-LDN_block4_pos27_P12_mldsa"
"2026-07-31T23:26:29.4603060+01:00","MAC-LDN","5","9","I2","v2","working-v2.x","70e0812272989205e5c753e3f91f3985de1fa3c4","","session","session establishment and first exchange","cargo bench -p libsignal-protocol --bench session -- ^session\ establishment\ and\ first\ exchange$","0","evidence/criterion/MAC-LDN_block5_pos09_I2_session"
"2026-07-31T23:26:38.5846450+01:00","MAC-LDN","5","11","P01","v2","working-v2.x","70e0812272989205e5c753e3f91f3985de1fa3c4","hqc256 mlkem1024","kem","HQC256_generate","cargo bench -p libsignal-protocol --features hqc256 mlkem1024 --bench kem -- ^HQC256_generate$","0","evidence/criterion/MAC-LDN_block5_pos11_P01_kem"
"2026-07-31T23:26:47.5816710+01:00","MAC-LDN","5","12","P02","v2","working-v2.x","70e0812272989205e5c753e3f91f3985de1fa3c4","hqc256 mlkem1024","kem","HQC256_encapsulate","cargo bench -p libsignal-protocol --features hqc256 mlkem1024 --bench kem -- ^HQC256_encapsulate$","0","evidence/criterion/MAC-LDN_block5_pos12_P02_kem"
"2026-07-31T23:27:06.1454280+01:00","MAC-LDN","5","13","P03","v2","working-v2.x","70e0812272989205e5c753e3f91f3985de1fa3c4","hqc256 mlkem1024","kem","HQC256_decapsulate","cargo bench -p libsignal-protocol --features hqc256 mlkem1024 --bench kem -- ^HQC256_decapsulate$","0","evidence/criterion/MAC-LDN_block5_pos13_P03_kem"
"2026-07-31T23:27:17.6095760+01:00","MAC-LDN","5","14","P04","v2","working-v2.x","70e0812272989205e5c753e3f91f3985de1fa3c4","hqc256 mlkem1024","kem","MLKEM1024_generate","cargo bench -p libsignal-protocol --features hqc256 mlkem1024 --bench kem -- ^MLKEM1024_generate$","0","evidence/criterion/MAC-LDN_block5_pos14_P04_kem"
"2026-07-31T23:27:27.4159680+01:00","MAC-LDN","5","15","P05","v2","working-v2.x","70e0812272989205e5c753e3f91f3985de1fa3c4","hqc256 mlkem1024","kem","MLKEM1024_encapsulate","cargo bench -p libsignal-protocol --features hqc256 mlkem1024 --bench kem -- ^MLKEM1024_encapsulate$","0","evidence/criterion/MAC-LDN_block5_pos15_P05_kem"
"2026-07-31T23:27:36.2511980+01:00","MAC-LDN","5","16","P06","v2","working-v2.x","70e0812272989205e5c753e3f91f3985de1fa3c4","hqc256 mlkem1024","kem","MLKEM1024_decapsulate","cargo bench -p libsignal-protocol --features hqc256 mlkem1024 --bench kem -- ^MLKEM1024_decapsulate$","0","evidence/criterion/MAC-LDN_block5_pos16_P06_kem"
"2026-07-31T23:27:47.7018410+01:00","MAC-LDN","5","17","P07","v2","working-v2.x","70e0812272989205e5c753e3f91f3985de1fa3c4","hqc256 mlkem1024","kem","Kyber1024_generate","cargo bench -p libsignal-protocol --features hqc256 mlkem1024 --bench kem -- ^Kyber1024_generate$","0","evidence/criterion/MAC-LDN_block5_pos17_P07_kem"
"2026-07-31T23:27:57.6750700+01:00","MAC-LDN","5","18","P08","v2","working-v2.x","70e0812272989205e5c753e3f91f3985de1fa3c4","hqc256 mlkem1024","kem","Kyber1024_encapsulate","cargo bench -p libsignal-protocol --features hqc256 mlkem1024 --bench kem -- ^Kyber1024_encapsulate$","0","evidence/criterion/MAC-LDN_block5_pos18_P08_kem"
"2026-07-31T23:28:06.8427860+01:00","MAC-LDN","5","19","P09","v2","working-v2.x","70e0812272989205e5c753e3f91f3985de1fa3c4","hqc256 mlkem1024","kem","Kyber1024_decapsulate","cargo bench -p libsignal-protocol --features hqc256 mlkem1024 --bench kem -- ^Kyber1024_decapsulate$","0","evidence/criterion/MAC-LDN_block5_pos19_P09_kem"
"2026-07-31T23:28:16.2760180+01:00","MAC-LDN","5","20","P10","v2","working-v2.x","70e0812272989205e5c753e3f91f3985de1fa3c4","","mldsa","MLDSA87_generate","cargo bench -p libsignal-protocol --bench mldsa -- ^MLDSA87_generate$","0","evidence/criterion/MAC-LDN_block5_pos20_P10_mldsa"
"2026-07-31T23:28:27.3304160+01:00","MAC-LDN","5","21","P11","v2","working-v2.x","70e0812272989205e5c753e3f91f3985de1fa3c4","","mldsa","MLDSA87_sign","cargo bench -p libsignal-protocol --bench mldsa -- ^MLDSA87_sign$","0","evidence/criterion/MAC-LDN_block5_pos21_P11_mldsa"
"2026-07-31T23:28:38.9340350+01:00","MAC-LDN","5","22","P12","v2","working-v2.x","70e0812272989205e5c753e3f91f3985de1fa3c4","","mldsa","MLDSA87_verify","cargo bench -p libsignal-protocol --bench mldsa -- ^MLDSA87_verify$","0","evidence/criterion/MAC-LDN_block5_pos22_P12_mldsa"
"2026-07-31T23:28:48.5915830+01:00","MAC-LDN","5","27","H2a","v2","working-v2.x","70e0812272989205e5c753e3f91f3985de1fa3c4","","session","initiate session and encrypt first message","cargo bench -p libsignal-protocol --bench session -- ^initiate\ session\ and\ encrypt\ first\ message$","0","evidence/criterion/MAC-LDN_block5_pos27_H2a_session"
"2026-07-31T23:28:57.8761760+01:00","MAC-LDN","5","28","H2b","v2","working-v2.x","70e0812272989205e5c753e3f91f3985de1fa3c4","","session","initiate session and encrypt first message, last-resort only","cargo bench -p libsignal-protocol --bench session -- ^initiate\ session\ and\ encrypt\ first\ message,\ last-resort\ only$","0","evidence/criterion/MAC-LDN_block5_pos28_H2b_session"
"2026-07-31T23:29:09.6198550+01:00","MAC-LDN","5","29","H2c","v2","working-v2.x","70e0812272989205e5c753e3f91f3985de1fa3c4","","session","session decrypt first message, full mode","cargo bench -p libsignal-protocol --bench session -- ^session\ decrypt\ first\ message,\ full\ mode$","0","evidence/criterion/MAC-LDN_block5_pos29_H2c_session"
"2026-07-31T23:29:20.4834970+01:00","MAC-LDN","5","30","H2d","v2","working-v2.x","70e0812272989205e5c753e3f91f3985de1fa3c4","","session","session decrypt first message, last-resort only","cargo bench -p libsignal-protocol --bench session -- ^session\ decrypt\ first\ message,\ last-resort\ only$","0","evidence/criterion/MAC-LDN_block5_pos30_H2d_session"
"2026-07-31T23:07:33.6882330+01:00","MAC-LDN","1","21","H1a","v1","working-v1.x","11e9fd1f0bbe49cd6d813e13b8650dea71cd7cf7","","session","initiate session and encrypt first message","cargo bench -p libsignal-protocol --bench session -- ^initiate\ session\ and\ encrypt\ first\ message$","0","evidence/criterion/MAC-LDN_block1_pos21_H1a_session"
"2026-07-31T23:07:46.1925090+01:00","MAC-LDN","1","22","H1b","v1","working-v1.x","11e9fd1f0bbe49cd6d813e13b8650dea71cd7cf7","","session","initiate session and encrypt first message, last-resort only","cargo bench -p libsignal-protocol --bench session -- ^initiate\ session\ and\ encrypt\ first\ message,\ last-resort\ only$","0","evidence/criterion/MAC-LDN_block1_pos22_H1b_session"
"2026-07-31T23:07:58.4640390+01:00","MAC-LDN","1","23","H1c","v1","working-v1.x","11e9fd1f0bbe49cd6d813e13b8650dea71cd7cf7","","session","session decrypt first message, full mode","cargo bench -p libsignal-protocol --bench session -- ^session\ decrypt\ first\ message,\ full\ mode$","0","evidence/criterion/MAC-LDN_block1_pos23_H1c_session"
"2026-07-31T23:08:09.1404450+01:00","MAC-LDN","1","24","H1d","v1","working-v1.x","11e9fd1f0bbe49cd6d813e13b8650dea71cd7cf7","","session","session decrypt first message, last-resort only","cargo bench -p libsignal-protocol --bench session -- ^session\ decrypt\ first\ message,\ last-resort\ only$","0","evidence/criterion/MAC-LDN_block1_pos24_H1d_session"
"2026-07-31T23:08:21.6590320+01:00","MAC-LDN","1","28","I1","v1","working-v1.x","11e9fd1f0bbe49cd6d813e13b8650dea71cd7cf7","","session","session establishment and first exchange","cargo bench -p libsignal-protocol --bench session -- ^session\ establishment\ and\ first\ exchange$","0","evidence/criterion/MAC-LDN_block1_pos28_I1_session"
"2026-07-31T23:13:03.2026520+01:00","MAC-LDN","2","16","H1a","v1","working-v1.x","11e9fd1f0bbe49cd6d813e13b8650dea71cd7cf7","","session","initiate session and encrypt first message","cargo bench -p libsignal-protocol --bench session -- ^initiate\ session\ and\ encrypt\ first\ message$","0","evidence/criterion/MAC-LDN_block2_pos16_H1a_session"
"2026-07-31T23:13:15.6658950+01:00","MAC-LDN","2","17","H1b","v1","working-v1.x","11e9fd1f0bbe49cd6d813e13b8650dea71cd7cf7","","session","initiate session and encrypt first message, last-resort only","cargo bench -p libsignal-protocol --bench session -- ^initiate\ session\ and\ encrypt\ first\ message,\ last-resort\ only$","0","evidence/criterion/MAC-LDN_block2_pos17_H1b_session"
"2026-07-31T23:13:27.9799810+01:00","MAC-LDN","2","18","H1c","v1","working-v1.x","11e9fd1f0bbe49cd6d813e13b8650dea71cd7cf7","","session","session decrypt first message, full mode","cargo bench -p libsignal-protocol --bench session -- ^session\ decrypt\ first\ message,\ full\ mode$","0","evidence/criterion/MAC-LDN_block2_pos18_H1c_session"
"2026-07-31T23:13:38.5965320+01:00","MAC-LDN","2","19","H1d","v1","working-v1.x","11e9fd1f0bbe49cd6d813e13b8650dea71cd7cf7","","session","session decrypt first message, last-resort only","cargo bench -p libsignal-protocol --bench session -- ^session\ decrypt\ first\ message,\ last-resort\ only$","0","evidence/criterion/MAC-LDN_block2_pos19_H1d_session"
"2026-07-31T23:13:50.9839510+01:00","MAC-LDN","2","23","I1","v1","working-v1.x","11e9fd1f0bbe49cd6d813e13b8650dea71cd7cf7","","session","session establishment and first exchange","cargo bench -p libsignal-protocol --bench session -- ^session\ establishment\ and\ first\ exchange$","0","evidence/criterion/MAC-LDN_block2_pos23_I1_session"
"2026-07-31T23:18:32.9435980+01:00","MAC-LDN","3","11","H1a","v1","working-v1.x","11e9fd1f0bbe49cd6d813e13b8650dea71cd7cf7","","session","initiate session and encrypt first message","cargo bench -p libsignal-protocol --bench session -- ^initiate\ session\ and\ encrypt\ first\ message$","0","evidence/criterion/MAC-LDN_block3_pos11_H1a_session"
"2026-07-31T23:18:45.4794510+01:00","MAC-LDN","3","12","H1b","v1","working-v1.x","11e9fd1f0bbe49cd6d813e13b8650dea71cd7cf7","","session","initiate session and encrypt first message, last-resort only","cargo bench -p libsignal-protocol --bench session -- ^initiate\ session\ and\ encrypt\ first\ message,\ last-resort\ only$","0","evidence/criterion/MAC-LDN_block3_pos12_H1b_session"
"2026-07-31T23:18:57.8182000+01:00","MAC-LDN","3","13","H1c","v1","working-v1.x","11e9fd1f0bbe49cd6d813e13b8650dea71cd7cf7","","session","session decrypt first message, full mode","cargo bench -p libsignal-protocol --bench session -- ^session\ decrypt\ first\ message,\ full\ mode$","0","evidence/criterion/MAC-LDN_block3_pos13_H1c_session"
"2026-07-31T23:19:08.4474520+01:00","MAC-LDN","3","14","H1d","v1","working-v1.x","11e9fd1f0bbe49cd6d813e13b8650dea71cd7cf7","","session","session decrypt first message, last-resort only","cargo bench -p libsignal-protocol --bench session -- ^session\ decrypt\ first\ message,\ last-resort\ only$","0","evidence/criterion/MAC-LDN_block3_pos14_H1d_session"
"2026-07-31T23:19:21.0960410+01:00","MAC-LDN","3","18","I1","v1","working-v1.x","11e9fd1f0bbe49cd6d813e13b8650dea71cd7cf7","","session","session establishment and first exchange","cargo bench -p libsignal-protocol --bench session -- ^session\ establishment\ and\ first\ exchange$","0","evidence/criterion/MAC-LDN_block3_pos18_I1_session"
"2026-07-31T23:24:03.1303420+01:00","MAC-LDN","4","6","H1a","v1","working-v1.x","11e9fd1f0bbe49cd6d813e13b8650dea71cd7cf7","","session","initiate session and encrypt first message","cargo bench -p libsignal-protocol --bench session -- ^initiate\ session\ and\ encrypt\ first\ message$","0","evidence/criterion/MAC-LDN_block4_pos06_H1a_session"
"2026-07-31T23:24:15.6710350+01:00","MAC-LDN","4","7","H1b","v1","working-v1.x","11e9fd1f0bbe49cd6d813e13b8650dea71cd7cf7","","session","initiate session and encrypt first message, last-resort only","cargo bench -p libsignal-protocol --bench session -- ^initiate\ session\ and\ encrypt\ first\ message,\ last-resort\ only$","0","evidence/criterion/MAC-LDN_block4_pos07_H1b_session"
"2026-07-31T23:24:27.9719450+01:00","MAC-LDN","4","8","H1c","v1","working-v1.x","11e9fd1f0bbe49cd6d813e13b8650dea71cd7cf7","","session","session decrypt first message, full mode","cargo bench -p libsignal-protocol --bench session -- ^session\ decrypt\ first\ message,\ full\ mode$","0","evidence/criterion/MAC-LDN_block4_pos08_H1c_session"
"2026-07-31T23:24:38.8561190+01:00","MAC-LDN","4","9","H1d","v1","working-v1.x","11e9fd1f0bbe49cd6d813e13b8650dea71cd7cf7","","session","session decrypt first message, last-resort only","cargo bench -p libsignal-protocol --bench session -- ^session\ decrypt\ first\ message,\ last-resort\ only$","0","evidence/criterion/MAC-LDN_block4_pos09_H1d_session"
"2026-07-31T23:24:51.3961450+01:00","MAC-LDN","4","13","I1","v1","working-v1.x","11e9fd1f0bbe49cd6d813e13b8650dea71cd7cf7","","session","session establishment and first exchange","cargo bench -p libsignal-protocol --bench session -- ^session\ establishment\ and\ first\ exchange$","0","evidence/criterion/MAC-LDN_block4_pos13_I1_session"
"2026-07-31T23:29:33.0708900+01:00","MAC-LDN","5","1","H1a","v1","working-v1.x","11e9fd1f0bbe49cd6d813e13b8650dea71cd7cf7","","session","initiate session and encrypt first message","cargo bench -p libsignal-protocol --bench session -- ^initiate\ session\ and\ encrypt\ first\ message$","0","evidence/criterion/MAC-LDN_block5_pos01_H1a_session"
"2026-07-31T23:29:45.7696690+01:00","MAC-LDN","5","2","H1b","v1","working-v1.x","11e9fd1f0bbe49cd6d813e13b8650dea71cd7cf7","","session","initiate session and encrypt first message, last-resort only","cargo bench -p libsignal-protocol --bench session -- ^initiate\ session\ and\ encrypt\ first\ message,\ last-resort\ only$","0","evidence/criterion/MAC-LDN_block5_pos02_H1b_session"
"2026-07-31T23:29:58.1332240+01:00","MAC-LDN","5","3","H1c","v1","working-v1.x","11e9fd1f0bbe49cd6d813e13b8650dea71cd7cf7","","session","session decrypt first message, full mode","cargo bench -p libsignal-protocol --bench session -- ^session\ decrypt\ first\ message,\ full\ mode$","0","evidence/criterion/MAC-LDN_block5_pos03_H1c_session"
"2026-07-31T23:30:08.7039290+01:00","MAC-LDN","5","4","H1d","v1","working-v1.x","11e9fd1f0bbe49cd6d813e13b8650dea71cd7cf7","","session","session decrypt first message, last-resort only","cargo bench -p libsignal-protocol --bench session -- ^session\ decrypt\ first\ message,\ last-resort\ only$","0","evidence/criterion/MAC-LDN_block5_pos04_H1d_session"
"2026-07-31T23:30:21.0932460+01:00","MAC-LDN","5","8","I1","v1","working-v1.x","11e9fd1f0bbe49cd6d813e13b8650dea71cd7cf7","","session","session establishment and first exchange","cargo bench -p libsignal-protocol --bench session -- ^session\ establishment\ and\ first\ exchange$","0","evidence/criterion/MAC-LDN_block5_pos08_I1_session"
"2026-07-31T23:08:31.3368580+01:00","MAC-LDN","1","13","C1","baseline","baseline","7c20bca2150a52c9afd4797d91e8cb5020163845","","classical","X25519_generate","cargo bench -p libsignal-protocol --bench classical -- ^X25519_generate$","0","evidence/criterion/MAC-LDN_block1_pos13_C1_classical"
"2026-07-31T23:08:41.7483850+01:00","MAC-LDN","1","14","C2","baseline","baseline","7c20bca2150a52c9afd4797d91e8cb5020163845","","classical","X25519_agree","cargo bench -p libsignal-protocol --bench classical -- ^X25519_agree$","0","evidence/criterion/MAC-LDN_block1_pos14_C2_classical"
"2026-07-31T23:08:51.2766050+01:00","MAC-LDN","1","15","C3","baseline","baseline","7c20bca2150a52c9afd4797d91e8cb5020163845","","classical","XEdDSA_sign","cargo bench -p libsignal-protocol --bench classical -- ^XEdDSA_sign$","0","evidence/criterion/MAC-LDN_block1_pos15_C3_classical"
"2026-07-31T23:09:02.7472730+01:00","MAC-LDN","1","16","C4","baseline","baseline","7c20bca2150a52c9afd4797d91e8cb5020163845","","classical","XEdDSA_verify","cargo bench -p libsignal-protocol --bench classical -- ^XEdDSA_verify$","0","evidence/criterion/MAC-LDN_block1_pos16_C4_classical"
"2026-07-31T23:09:12.1686970+01:00","MAC-LDN","1","25","B1","baseline","baseline","7c20bca2150a52c9afd4797d91e8cb5020163845","","baseline_pqxdh","baseline initiate session and encrypt first message","cargo bench -p libsignal-protocol --bench baseline_pqxdh -- ^baseline\ initiate\ session\ and\ encrypt\ first\ message$","0","evidence/criterion/MAC-LDN_block1_pos25_B1_baseline_pqxdh"
"2026-07-31T23:09:23.5907810+01:00","MAC-LDN","1","26","B2","baseline","baseline","7c20bca2150a52c9afd4797d91e8cb5020163845","","baseline_pqxdh","baseline initiate session and encrypt first message, no one-time curve key","cargo bench -p libsignal-protocol --bench baseline_pqxdh -- ^baseline\ initiate\ session\ and\ encrypt\ first\ message,\ no\ one-time\ curve\ key$","0","evidence/criterion/MAC-LDN_block1_pos26_B2_baseline_pqxdh"
"2026-07-31T23:09:35.5851370+01:00","MAC-LDN","1","27","B3","baseline","baseline","7c20bca2150a52c9afd4797d91e8cb5020163845","","baseline_pqxdh","baseline decrypt first message","cargo bench -p libsignal-protocol --bench baseline_pqxdh -- ^baseline\ decrypt\ first\ message$","0","evidence/criterion/MAC-LDN_block1_pos27_B3_baseline_pqxdh"
"2026-07-31T23:09:47.4153470+01:00","MAC-LDN","1","30","IB","baseline","baseline","7c20bca2150a52c9afd4797d91e8cb5020163845","","baseline_pqxdh","baseline session establishment and first exchange","cargo bench -p libsignal-protocol --bench baseline_pqxdh -- ^baseline\ session\ establishment\ and\ first\ exchange$","0","evidence/criterion/MAC-LDN_block1_pos30_IB_baseline_pqxdh"
"2026-07-31T23:14:00.6411450+01:00","MAC-LDN","2","8","C1","baseline","baseline","7c20bca2150a52c9afd4797d91e8cb5020163845","","classical","X25519_generate","cargo bench -p libsignal-protocol --bench classical -- ^X25519_generate$","0","evidence/criterion/MAC-LDN_block2_pos08_C1_classical"
"2026-07-31T23:14:11.0740960+01:00","MAC-LDN","2","9","C2","baseline","baseline","7c20bca2150a52c9afd4797d91e8cb5020163845","","classical","X25519_agree","cargo bench -p libsignal-protocol --bench classical -- ^X25519_agree$","0","evidence/criterion/MAC-LDN_block2_pos09_C2_classical"
"2026-07-31T23:14:20.4766950+01:00","MAC-LDN","2","10","C3","baseline","baseline","7c20bca2150a52c9afd4797d91e8cb5020163845","","classical","XEdDSA_sign","cargo bench -p libsignal-protocol --bench classical -- ^XEdDSA_sign$","0","evidence/criterion/MAC-LDN_block2_pos10_C3_classical"
"2026-07-31T23:14:31.7637210+01:00","MAC-LDN","2","11","C4","baseline","baseline","7c20bca2150a52c9afd4797d91e8cb5020163845","","classical","XEdDSA_verify","cargo bench -p libsignal-protocol --bench classical -- ^XEdDSA_verify$","0","evidence/criterion/MAC-LDN_block2_pos11_C4_classical"
"2026-07-31T23:14:41.4026350+01:00","MAC-LDN","2","20","B1","baseline","baseline","7c20bca2150a52c9afd4797d91e8cb5020163845","","baseline_pqxdh","baseline initiate session and encrypt first message","cargo bench -p libsignal-protocol --bench baseline_pqxdh -- ^baseline\ initiate\ session\ and\ encrypt\ first\ message$","0","evidence/criterion/MAC-LDN_block2_pos20_B1_baseline_pqxdh"
"2026-07-31T23:14:52.8284310+01:00","MAC-LDN","2","21","B2","baseline","baseline","7c20bca2150a52c9afd4797d91e8cb5020163845","","baseline_pqxdh","baseline initiate session and encrypt first message, no one-time curve key","cargo bench -p libsignal-protocol --bench baseline_pqxdh -- ^baseline\ initiate\ session\ and\ encrypt\ first\ message,\ no\ one-time\ curve\ key$","0","evidence/criterion/MAC-LDN_block2_pos21_B2_baseline_pqxdh"
"2026-07-31T23:15:04.9851790+01:00","MAC-LDN","2","22","B3","baseline","baseline","7c20bca2150a52c9afd4797d91e8cb5020163845","","baseline_pqxdh","baseline decrypt first message","cargo bench -p libsignal-protocol --bench baseline_pqxdh -- ^baseline\ decrypt\ first\ message$","0","evidence/criterion/MAC-LDN_block2_pos22_B3_baseline_pqxdh"
"2026-07-31T23:15:16.8650620+01:00","MAC-LDN","2","25","IB","baseline","baseline","7c20bca2150a52c9afd4797d91e8cb5020163845","","baseline_pqxdh","baseline session establishment and first exchange","cargo bench -p libsignal-protocol --bench baseline_pqxdh -- ^baseline\ session\ establishment\ and\ first\ exchange$","0","evidence/criterion/MAC-LDN_block2_pos25_IB_baseline_pqxdh"
"2026-07-31T23:19:30.8763420+01:00","MAC-LDN","3","3","C1","baseline","baseline","7c20bca2150a52c9afd4797d91e8cb5020163845","","classical","X25519_generate","cargo bench -p libsignal-protocol --bench classical -- ^X25519_generate$","0","evidence/criterion/MAC-LDN_block3_pos03_C1_classical"
"2026-07-31T23:19:41.3078230+01:00","MAC-LDN","3","4","C2","baseline","baseline","7c20bca2150a52c9afd4797d91e8cb5020163845","","classical","X25519_agree","cargo bench -p libsignal-protocol --bench classical -- ^X25519_agree$","0","evidence/criterion/MAC-LDN_block3_pos04_C2_classical"
"2026-07-31T23:19:50.6931930+01:00","MAC-LDN","3","5","C3","baseline","baseline","7c20bca2150a52c9afd4797d91e8cb5020163845","","classical","XEdDSA_sign","cargo bench -p libsignal-protocol --bench classical -- ^XEdDSA_sign$","0","evidence/criterion/MAC-LDN_block3_pos05_C3_classical"
"2026-07-31T23:20:02.0163580+01:00","MAC-LDN","3","6","C4","baseline","baseline","7c20bca2150a52c9afd4797d91e8cb5020163845","","classical","XEdDSA_verify","cargo bench -p libsignal-protocol --bench classical -- ^XEdDSA_verify$","0","evidence/criterion/MAC-LDN_block3_pos06_C4_classical"
"2026-07-31T23:20:11.5425490+01:00","MAC-LDN","3","15","B1","baseline","baseline","7c20bca2150a52c9afd4797d91e8cb5020163845","","baseline_pqxdh","baseline initiate session and encrypt first message","cargo bench -p libsignal-protocol --bench baseline_pqxdh -- ^baseline\ initiate\ session\ and\ encrypt\ first\ message$","0","evidence/criterion/MAC-LDN_block3_pos15_B1_baseline_pqxdh"
"2026-07-31T23:20:23.0127240+01:00","MAC-LDN","3","16","B2","baseline","baseline","7c20bca2150a52c9afd4797d91e8cb5020163845","","baseline_pqxdh","baseline initiate session and encrypt first message, no one-time curve key","cargo bench -p libsignal-protocol --bench baseline_pqxdh -- ^baseline\ initiate\ session\ and\ encrypt\ first\ message,\ no\ one-time\ curve\ key$","0","evidence/criterion/MAC-LDN_block3_pos16_B2_baseline_pqxdh"
"2026-07-31T23:20:35.1173620+01:00","MAC-LDN","3","17","B3","baseline","baseline","7c20bca2150a52c9afd4797d91e8cb5020163845","","baseline_pqxdh","baseline decrypt first message","cargo bench -p libsignal-protocol --bench baseline_pqxdh -- ^baseline\ decrypt\ first\ message$","0","evidence/criterion/MAC-LDN_block3_pos17_B3_baseline_pqxdh"
"2026-07-31T23:20:47.0164990+01:00","MAC-LDN","3","20","IB","baseline","baseline","7c20bca2150a52c9afd4797d91e8cb5020163845","","baseline_pqxdh","baseline session establishment and first exchange","cargo bench -p libsignal-protocol --bench baseline_pqxdh -- ^baseline\ session\ establishment\ and\ first\ exchange$","0","evidence/criterion/MAC-LDN_block3_pos20_IB_baseline_pqxdh"
"2026-07-31T23:25:03.3107220+01:00","MAC-LDN","4","1","C4","baseline","baseline","7c20bca2150a52c9afd4797d91e8cb5020163845","","classical","XEdDSA_verify","cargo bench -p libsignal-protocol --bench classical -- ^XEdDSA_verify$","0","evidence/criterion/MAC-LDN_block4_pos01_C4_classical"
"2026-07-31T23:25:12.7850190+01:00","MAC-LDN","4","10","B1","baseline","baseline","7c20bca2150a52c9afd4797d91e8cb5020163845","","baseline_pqxdh","baseline initiate session and encrypt first message","cargo bench -p libsignal-protocol --bench baseline_pqxdh -- ^baseline\ initiate\ session\ and\ encrypt\ first\ message$","0","evidence/criterion/MAC-LDN_block4_pos10_B1_baseline_pqxdh"
"2026-07-31T23:25:24.2360960+01:00","MAC-LDN","4","11","B2","baseline","baseline","7c20bca2150a52c9afd4797d91e8cb5020163845","","baseline_pqxdh","baseline initiate session and encrypt first message, no one-time curve key","cargo bench -p libsignal-protocol --bench baseline_pqxdh -- ^baseline\ initiate\ session\ and\ encrypt\ first\ message,\ no\ one-time\ curve\ key$","0","evidence/criterion/MAC-LDN_block4_pos11_B2_baseline_pqxdh"
"2026-07-31T23:25:36.3157350+01:00","MAC-LDN","4","12","B3","baseline","baseline","7c20bca2150a52c9afd4797d91e8cb5020163845","","baseline_pqxdh","baseline decrypt first message","cargo bench -p libsignal-protocol --bench baseline_pqxdh -- ^baseline\ decrypt\ first\ message$","0","evidence/criterion/MAC-LDN_block4_pos12_B3_baseline_pqxdh"
"2026-07-31T23:25:48.2539500+01:00","MAC-LDN","4","15","IB","baseline","baseline","7c20bca2150a52c9afd4797d91e8cb5020163845","","baseline_pqxdh","baseline session establishment and first exchange","cargo bench -p libsignal-protocol --bench baseline_pqxdh -- ^baseline\ session\ establishment\ and\ first\ exchange$","0","evidence/criterion/MAC-LDN_block4_pos15_IB_baseline_pqxdh"
"2026-07-31T23:25:57.3367200+01:00","MAC-LDN","4","28","C1","baseline","baseline","7c20bca2150a52c9afd4797d91e8cb5020163845","","classical","X25519_generate","cargo bench -p libsignal-protocol --bench classical -- ^X25519_generate$","0","evidence/criterion/MAC-LDN_block4_pos28_C1_classical"
"2026-07-31T23:26:07.7504060+01:00","MAC-LDN","4","29","C2","baseline","baseline","7c20bca2150a52c9afd4797d91e8cb5020163845","","classical","X25519_agree","cargo bench -p libsignal-protocol --bench classical -- ^X25519_agree$","0","evidence/criterion/MAC-LDN_block4_pos29_C2_classical"
"2026-07-31T23:26:17.1474610+01:00","MAC-LDN","4","30","C3","baseline","baseline","7c20bca2150a52c9afd4797d91e8cb5020163845","","classical","XEdDSA_sign","cargo bench -p libsignal-protocol --bench classical -- ^XEdDSA_sign$","0","evidence/criterion/MAC-LDN_block4_pos30_C3_classical"
"2026-07-31T23:30:31.1677570+01:00","MAC-LDN","5","5","B1","baseline","baseline","7c20bca2150a52c9afd4797d91e8cb5020163845","","baseline_pqxdh","baseline initiate session and encrypt first message","cargo bench -p libsignal-protocol --bench baseline_pqxdh -- ^baseline\ initiate\ session\ and\ encrypt\ first\ message$","0","evidence/criterion/MAC-LDN_block5_pos05_B1_baseline_pqxdh"
"2026-07-31T23:30:42.6577880+01:00","MAC-LDN","5","6","B2","baseline","baseline","7c20bca2150a52c9afd4797d91e8cb5020163845","","baseline_pqxdh","baseline initiate session and encrypt first message, no one-time curve key","cargo bench -p libsignal-protocol --bench baseline_pqxdh -- ^baseline\ initiate\ session\ and\ encrypt\ first\ message,\ no\ one-time\ curve\ key$","0","evidence/criterion/MAC-LDN_block5_pos06_B2_baseline_pqxdh"
"2026-07-31T23:30:54.7537700+01:00","MAC-LDN","5","7","B3","baseline","baseline","7c20bca2150a52c9afd4797d91e8cb5020163845","","baseline_pqxdh","baseline decrypt first message","cargo bench -p libsignal-protocol --bench baseline_pqxdh -- ^baseline\ decrypt\ first\ message$","0","evidence/criterion/MAC-LDN_block5_pos07_B3_baseline_pqxdh"
"2026-07-31T23:31:06.6397580+01:00","MAC-LDN","5","10","IB","baseline","baseline","7c20bca2150a52c9afd4797d91e8cb5020163845","","baseline_pqxdh","baseline session establishment and first exchange","cargo bench -p libsignal-protocol --bench baseline_pqxdh -- ^baseline\ session\ establishment\ and\ first\ exchange$","0","evidence/criterion/MAC-LDN_block5_pos10_IB_baseline_pqxdh"
"2026-07-31T23:31:15.7280550+01:00","MAC-LDN","5","23","C1","baseline","baseline","7c20bca2150a52c9afd4797d91e8cb5020163845","","classical","X25519_generate","cargo bench -p libsignal-protocol --bench classical -- ^X25519_generate$","0","evidence/criterion/MAC-LDN_block5_pos23_C1_classical"
"2026-07-31T23:31:26.1817490+01:00","MAC-LDN","5","24","C2","baseline","baseline","7c20bca2150a52c9afd4797d91e8cb5020163845","","classical","X25519_agree","cargo bench -p libsignal-protocol --bench classical -- ^X25519_agree$","0","evidence/criterion/MAC-LDN_block5_pos24_C2_classical"
"2026-07-31T23:31:35.5893790+01:00","MAC-LDN","5","25","C3","baseline","baseline","7c20bca2150a52c9afd4797d91e8cb5020163845","","classical","XEdDSA_sign","cargo bench -p libsignal-protocol --bench classical -- ^XEdDSA_sign$","0","evidence/criterion/MAC-LDN_block5_pos25_C3_classical"
"2026-07-31T23:31:46.8671340+01:00","MAC-LDN","5","26","C4","baseline","baseline","7c20bca2150a52c9afd4797d91e8cb5020163845","","classical","XEdDSA_verify","cargo bench -p libsignal-protocol --bench classical -- ^XEdDSA_verify$","0","evidence/criterion/MAC-LDN_block5_pos26_C4_classical"
